Run,mean,std,min,max,count
Clean Restart (Best),0.27022287019054736,0.0774334376974562,0.10762331838565023,0.4722222222222222,57
T5-Base (Baseline),0.23042312424960307,0.040997137745148605,0.1527777777777778,0.3216374269005848,57
