Model,ner_bc5cdr,ner_JNLPBA,ner_NCBI-disease,ner_sciie,pico_ebmnlp,rel_chemprot,rel_sciie-relation-extraction,cls_citation_intent,cls_mag,cls_sci-cite,dep_genia,Average
baseline,0.9439717090820589,0.2816486863591071,0.8785206253901496,0.3315364321044929,0.3899939654295135,0.1668438236743088,0.1454571629773786,0.1771906254664875,0.7381158789736473,0.8424415957153496,0.0603832879710429,0.4505548902857761
clean_restart_50k,0.960737220823178,0.0020613580401381,0.9055509522769808,0.5449534768055012,0.5561110258864053,0.0570958106100309,0.1453291699193338,0.2133597883597883,0.7308297050249353,0.8429342617619439,0.0534246190970566,0.4556715807822993
clean_restart_105k,0.969285856760494,0.0165434565275906,0.9209999995001944,0.4845417430760952,0.5688978380444485,0.0701148408725947,0.1010522324390937,0.1892344497607655,0.7298834708077111,0.8520828520936559,0.052274194000954,0.4504464485348725
clean_restart_130k,0.9690282182341252,0.0232960497019623,0.9258920397562616,0.4696633184657118,0.5497850016758605,0.0676621544705987,0.1048439766730821,0.1897040581251107,0.7303318369729759,0.8594376239779581,0.0499733438087488,0.44905614744203604
text_0olap512_405k,0.969236431977888,0.1677854317089931,0.8895985396483784,0.3631937211609641,0.553349501905952,0.0442774484899802,0.1010522324390937,0.1116427432216906,0.7243835150821651,0.5932592683865644,0.0394231039030275,0.41429108526588165
adafactor_435k,0.9224391543558564,0.1347998117694215,0.3115207370573136,0.532659369825422,0.3615454420461274,0.0442774484899802,0.1010522324390937,0.1126984126984127,0.6824601967298528,0.2325635642640541,0.0146188164651084,0.3136941078309676
gold_487k,0.9380792134795436,0.0003719776809672,0.751575157043737,0.5137198014377734,0.473652687660712,0.0441996752100543,0.1010522324390937,0.110576923076923,0.6982540192074856,0.2349230191802146,0.0349897584107298,0.3546722240752031
