Run,mean,std,min,max,count
Clean Restart (Best),0.2711091811690172,0.07094771465746437,0.14049586776859505,0.4722222222222222,57
Green Run (Best),0.27385059864977124,0.07661597744852915,0.11659192825112108,0.4675925925925926,57
T5-Base (Baseline),0.2321280972280635,0.04248808764826682,0.15270935960591134,0.3216374269005848,57
