Run,mean,std,min,max,count
Clean Restart Improvement,23.78236822393658,50.181501568606464,-48.57142857142856,199.99999999999994,57
Green Run Improvement,25.433170104592833,52.6338474452655,-62.857142857142854,197.0588235294118,57
