Run,Mean,Std,Min,Max,Step
T5-Base (Baseline),0.2321280972280635,0.04211373596653848,0.15270935960591134,0.3216374269005848,0
Clean Restart (Best),0.2711091811690173,0.07032261247549104,0.14049586776859505,0.4722222222222222,605000
Green Run (Best),0.27385059864977124,0.07594093365172298,0.11659192825112108,0.4675925925925926,640000
