Run,mean,std,min,max,count
Clean Restart Improvement,24.88974839152351,53.70042240665094,-65.21739130434783,209.09090909090904,57
