Run,Mean,Std,Min,Max,Step
T5-Base (Baseline),0.23042312424960307,0.04063592244197948,0.1527777777777778,0.3216374269005848,487000
Clean Restart (Best),0.2702228701905473,0.07675119146731238,0.10762331838565023,0.4722222222222222,487000
